No,Level_1,Level_2,Level_3,Object_name,Class_name,Old_name,Color,Packaging,Features,Description,Year,Picture,최종 검토 결과,
1,Health & Medical,Wound Dressing,Adhesive Bandage,adhesive_bandages_box,obj_001,adhesive_plaster_box,white,box packaging,"""반창고"" text, red logo","A white box featuring ""반창고"" text and a red logo.",2025,,O,
2,Industrial Supplies,Air Blowing,Air Gun,air_gun,obj_002,air_blower,dark green,,"metallic texture, cylindrical shape",A dark green item with a metallic texture and cylindrical shape.,2025,,O,
3,Beauty,Skincare,Ampoule,ampoule,obj_003,ampoule,"brown, white",glass bottle,"white label, dropper included, gold cap","A brown glass bottle with a gold cap, dropper, and a white label.",2025,,O,
4,Beauty,Haircare,Shampoo,nizoral_scalp_shampoo,obj_004,anti_dandruff_shampoo,"white, brown",plastic bottle,"brown label, squeeze type","A plastic bottle with white and brown coloring, a brown label, and squeeze-type design.",2025,,O,
5,Health & Medical,External Application,Ointment,cecoron_g_cream,obj_005,anti_itch_cream,"white, yellow",tube type,"elongated, ""세코론지 크림"" text, white cap","A white and yellow tube printed with ""세코론지 크림"" text, featuring an elongated shape and a white cap.",2025,,O,
6,Health & Medical,External Application,Ointment,fucidin_wound_ointment,obj_006,antibiotic_ointment,"white, orange",tube type,"""후시딘"" text, fan-shaped logo","A white and orange tube with ""후시딘"" text and a fan-shaped logo.",2025, ,O,
7,Health & Medical,Wound Dressing,Medical Band,bandland_band_aid_box,obj_007,band_aid_box,pink,box packaging,"white text, band image included",A pink box displaying white text and an image of a band.,2025,,O,
8,Food & Beverage,Noodles,Dried Noodles,banquet_noodles_box,obj_008,banquet_noodles_box,yellow,box packaging,cartoon-style cotton illustration,A yellow box with a cartoon-style cotton illustration.,2025,,O,
9,Food & Beverage,Snacks,Butter Cookie,butter_ring_box,obj_009,butter_cookie_box,yellow,box packaging,"butter cookie image, ""버터링"" text, elongated","A yellow box featuring a butter cookie image, ""버터링"" text, and an elongated shape.",2025,,O,
10,Electronics,Calculation,Calculator,casio_electronic_calculator,obj_010,calculator,blue,,"number and symbol buttons, display included",A blue device with number and symbol buttons and a built-in display.,2025,,O,
11,Food & Beverage,Alcoholic Beverage,Canned Beer,tiger_radler_beer_can,obj_011,canned_beer,"silver, red",can,"""Tiger"" text, aluminum material, cylindrical shape","A silver and red can with ""Tiger"" text, made of aluminum and cylindrical in shape.",2025,,O,
12,Food & Beverage,Meat Products,Canned Ham,spam_can,obj_012,canned_meat,"navy, yellow",metal can,"""SPAM"" text, metallic texture","A navy and yellow metal can with ""SPAM"" text and a metallic surface.",2025,,O,
13,Industrial Supplies,Car Maintenance,Car Compound,bullsone_compound,obj_013,car_compound,"white, yellow, black",tube type,"""BULLSONE 컴파운드"" text","A tube printed with ""BULLSONE 컴파운드"" text, in white, yellow, and black tones.",2025,,O,
14,Industrial Supplies,Car Maintenance,Car Compound,bullsone_compound_box,obj_014,car_compound_box,"white, yellow, black",box packaging,"""BULLSONE 컴파운드"" text, center hole","A box in white, yellow, and black, featuring ""BULLSONE 컴파운드"" text and a center hole.",2025,,O,
15,Food & Beverage,Snacks,Caramel,milk_caramel_box,obj_015,caramel_chew_box,"orange, brown",box packaging,"""밀크카라멜"" text, caramel image","An orange and brown box with ""밀크카라멜"" text and a caramel image.",2025,,O,
16,Electronics,Power Supply,Charger,wired_fast_charger,obj_016,charger_45w,white,,"plug type, square shape",A white plug-type item with a square shape.,2025,,O,
17,Electronics,Power Supply,Charger,wired_fast_charger_box,obj_017,charger_45w_box,white,box packaging,"charger image, ""45W"" text","A white box showing a charger image and ""45W"" text.",2025,,O,
18,Beauty,Bodycare,Bath Bomb,sarang_bomb,obj_018,bath_bomb,"pink, orange",,"heart shape, soap texture, 3 colors","An item in pink and orange with a heart shape, soap-like texture, and multicolor appearance.",2025,,O,
19,Beauty,Bodycare,Bath Bomb,sarang_bomb_box,obj_019,bath_bomb_box,pink,box packaging,heart graphic,A pink box featuring a heart graphic on the front.,2025,,O,
20,Industrial Supplies,Battery,Battery,duracell_9v_battery,obj_020,battery_9v,"black, brown",,"square shape, ""DURACELL"" text","A square-shaped item in black and brown with ""DURACELL"" text.",2025,,O,
21,Electronics,Power Device,Charger,battery_charger,obj_021,battery_charger,white,,"4 battery slots, plastic material",A white plastic item with four battery slots.,2025,,O,
22,Industrial Supplies,Drive Component,Motor,bldc_motor,obj_022,bldc_motor,"silver, copper",,"small round motor, with wires","A small round motor in silver and copper colors, with attached wires.",2025,,O,
23,Health & Medical,Measurement Tool,Blood Pressure Cuff,omron_blood_pressure_cuff_box,obj_023,blood_pressure_monitor_cuff_box,"black, white",box packaging,"arm cuff image, ""OMRON"" text","A black and white box featuring an arm cuff image and ""OMRON"" text.",2025,,O,
24,Electronics,Communication Device,Bluetooth Dongle,tp_link_bluetooth_dongle_box,obj_024,bluetooth_dongle_box,"teal, navy",box packaging,"""TP-Link"" logo","A teal and navy box displaying the ""TP-Link"" logo.",2025,,O,
25,Sports & Hobby,Cheering Item,Light Stick,hanwha_light_stick,obj_025,cheering_stick,"orange, white",,"baseball bat shape, with handle",An orange and white item shaped like a baseball bat with a handle.,2025,,O,
26,Food & Beverage,Snack,Choco Bar,twix_choco_bar_box,obj_026,chocolate_bar_box,yellow,box packaging,"""Twix top"" text, chocolate illustration","A yellow box with ""Twix top"" text and a chocolate illustration.",2025,,O,
27,Food & Beverage,Snack,Chocolate,gaba_chocolate_box,obj_027,chocolate_box,"blue, white",box packaging,"candy-style chocolate image, Japanese text",A blue and white box featuring a candy-style chocolate image and Japanese text.,2025,,O,
28,General Goods,Smoking Item,Cigarette Pack,parliament_aqua_5_cigarette_pack,obj_028,cigarette_pack,"navy, white",paper packaging,"""parliament"" logo, square shape","A navy and white paper package with a square shape and ""parliament"" logo.",2025,,O,
29,Office Supplies,Fastening Tool,Clip,clothes_holding_clip,obj_029,clip,black,,"small size, hair clip shape",A small black item shaped like a hair clip.,2025,,O,
30,Food & Beverage,Juice,Coconut Drink,malee_coconut_water,obj_030,coconut_water_pack,"teal, white",pack,"""Malee coco"" text, coconut illustration","A teal and white pack with ""Malee coco"" text and a coconut illustration.",2025,,O,
31,Electronics,Audio Device,Bluetooth Speaker,jbl_go2_bluetooth_speaker,obj_031,bluetooth_speaker,brown,,"""JBL"" logo, square shape","A brown item with a square shape and the ""JBL"" logo.",2025,,O,
32,Office Supplies,Writing Tool,Whiteboard Marker,water_based_whiteboard_marker,obj_032,board_marker,"blue, silver",,"lidded cylinder shape, ""BOARD"" text","A blue and silver lidded cylinder with ""BOARD"" text.",2025,,O,
33,Sports & Hobby,Entertainment,Board Game Box,tichu_board_game_box,obj_033,boardgame_box,black,box packaging,"dragon image, ""티츄"" text","A black box with a dragon image and ""티츄"" text.",2025,,O,
34,Kitchenware,Cleaning Tool,Cup Scrubber,cup_scrubber,obj_034,bottle_sponge,white,,"stick-shaped handle, sponge material",A white stick-shaped item made of sponge material.,2025,,O,
35,Industrial Supplies,Heat Tool,Torch,viror_butane_torch,obj_035,butane_torch,"white, silver, black",,"cylindrical shape, with control button","A cylindrical item in white, silver, and black, featuring a control button.",2025,,O,
36,Food & Beverage,Snack,Butter Coconut Snack,butter_coconut_box,obj_036,butter_coconut_cookie_box,"brown, red, white",box packaging,"snack image, ""빠다코코넛"" text","A brown, red, and white box with a snack image and ""빠다코코넛"" text.",2025,,O,
37,Food & Beverage,Coffee,Capsule Coffee,carracci_capsule_coffee,obj_037,coffee_capsule,"red, silver, white",,"dome shape, aluminum cap","A red, silver, and white item with a dome shape and aluminum cap.",2025,,O,
38,Food & Beverage,Coffee,Capsule Coffee,carracci_capsule_coffee_box,obj_038,coffee_capsule_box,"black, brown, blue",box packaging,"""Carracci"" text, coffee capsule image","A black, brown, and blue box featuring ""Carracci"" text and a coffee capsule image.",2025,,O,
39,General Goods,Filter,Coffee Filter,coffee_filter_box,obj_039,coffee_filter_box,white,box packaging,"paper filter image, matte texture",A white box showing a paper filter image and matte texture.,2025,,O,
40,General Goods,Security Tool,Combination Lock,combination_lock,obj_040,combination_lock,silver,,"number dial, padlock shape",A silver item with a number dial and padlock shape.,2025,,O,
41,General Goods,Storage Item,Lens Case,contact_lens_case,obj_041,contact_lens_case,"white, blue",,"round caps on both sides, dual color",A dual-colored item in white and blue with round caps on both sides.,2025,,O,
42,Health & Medical,Sanitizing Product,Lens Solution,lens_solution,obj_042,contact_lens_solution,"white, blue",,"cylindrical plastic container, with label, integrated cap",A cylindrical plastic container in white and blue with an integrated cap and a visible label.,2025,,O,
43,Office Supplies,Writing Tool,Correction Tape,correction_tape,obj_043,correction_tape,"light_blue, white",,"transparent inside, plastic material, elongated shape",A light blue and white item made of transparent plastic with an elongated shape.,2025,,O,
44,Electronics,Mounting Tool,Wireless Charging Stand,chunsik_wireless_charging_stand,obj_044,wireless_charging_stand,"light_yellow, brown",,"Chunsik character image, smartphone stand style",A light yellow and brown item featuring a Chunsik character and designed like a smartphone stand.,2025,,O,
45,Electronics,Audio Device,Wireless Earbuds,airpods_wireless_earbuds_box,obj_045,wireless_earphone_box,white,box packaging,"earphone image, square shape",A white box with an earphone image and a square shape.,2025,,O,
46,Food & Beverage,Snack,Cracker,cham_cracker_box,obj_046,cracker_box,"white, black, yellow",box packaging,"snack image, Korean logo, “촘” text","A box in white, black, and yellow showing a snack image, Korean logo, and “촘” text.",2025,,O,
47,Food & Beverage,Snack,Cream Puff Snack,homerun_ball_plastic_pack,obj_047,cream_puffs_snack_pack,"green, red",plastic wrapping,"cartoon character, cream image, “홈런볼” text","A green and red plastic-wrapped item with a cartoon character, cream image, and “홈런볼” text.",2025,,O,
48,Electronics,Cooling Device,Handheld Fan,handheld_fan,obj_048,hand_fan,white,,"portable, circular fan guard, with handle",A white portable item with a circular fan guard and handle.,2025,,O,
49,Industrial Supplies,Processing Tool,LAN Tool,lan_tool,obj_049,crimping_tool,black,,"metal material, handle-type tool",A black metal tool with a handle-type design.,2025,,O,
50,Food & Beverage,Noodle,Cup Noodles,jin_ramen_cup,obj_050,cup_noodles,"yellow, red",,"ramen image, “진라면” text",A yellow and red item featuring a ramen image and “진라면” text.,2025,,O,
51,General Goods,Interior Item,Cushion,cushion,obj_051,cushion,"orange, blue, white, brown, yellow",,"various animal characters, rectangular shape","A rectangular item in orange, blue, white, brown, and yellow with various animal characters.",2025,,O,
52,General Goods,Indoor Fragrance,Diffuser Bottle,diffuser_bottle,obj_052,diffuser,pink,,"ceramic material, no lid, vase shape","A pink ceramic item shaped like a vase, without a lid.",2025,,O,
53,Food & Beverage,Snack,Digestive Biscuit,diget_mini_box,obj_053,digestive_cookies_box,"mung_green, dark_brown, yellow",box packaging,"chocolate cookie image, “mini” text","A mung green, dark brown, and yellow box showing a chocolate cookie image and “mini” text.",2025,,O,
54,Electronics,Measurement Tool,Digital Timer,digital_timer,obj_054,digital_timer,"white, light_blue",,"small size, 3 buttons",A small item in white and light blue with three buttons.,2025,,O,
55,Sports & Hobby,Musical Accessory,Drumstick,drumstick,obj_055,drum_stick,yellow,,"elongated shape, wood material",A yellow item made of wood with an elongated shape.,2025,,O,
56,Sports & Hobby,Interior Item,Wand Figure,harry_potter_wand_figure_box,obj_056,figure_box,navy,box packaging,"Harry Potter-themed image, yellow text, wand image","A navy box featuring a Harry Potter-themed image, yellow text, and a wand illustration.",2025,,O,
57,Electronics,Camera Device,Camera,film_camera,obj_057,film_camera,"khaki, black, white",,"“Kodak” logo, with lens, square shape","A khaki, black, and white square item with a “Kodak” logo and a visible lens.",2025,,O,
58,General Goods,Fire Safety Tool,Fire Extinguisher,reborncar_car_fire_extinguisher,obj_058,fire_extinguisher,"light_blue, white, black",,"“REBORN” logo, black handle, with pressure gauge","An item in light blue, white, and black with a “REBORN” logo, black handle, and pressure gauge.",2025,,O,
59,General Goods,Fire Safety Tool,Fire Extinguisher,reborncar_car_fire_extinguisher_box,obj_059,fire_extinguisher_box,"light_blue, white",box packaging,"white extinguisher image, square shape",A light blue and white box displaying a white extinguisher image and a square shape.,2025,,O,
60,Electronics,Entertainment,Gamepad,nintendo_switch_gamepad_box,obj_060,gamepad_box,"black, white, red",box packaging,joystick image,"A black, white, and red box featuring a joystick image.",2025,,O,
61,Industrial Supplies,Car Care,Oil Film Remover,glaco_oil_film_remover,obj_061,glass_compound,"black, orange",,"glaco logo, pad attached to cap, T-shape","A black and orange item featuring the Glaco logo, a T-shape, and a pad attached to the cap.",2025,,O,
62,Industrial Supplies,Repair Tool,Putty,zillion_red_putty,obj_062,glazing_putty,"green, white",tube type,“GLAZING PUTTY” text,A green and white tube printed with “GLAZING PUTTY” text.,2025,,O,
63,Electronics,Camera Device,Camera,dslr_camera,obj_063,dslr_camera,black,,"with display, with a large lens",A black item with a display and a large lens.,2025,,O,
64,Fashion Accessories,Winter Item,Ear Muffs,ear_muffs,obj_064,earmuffs,"brown, black",,"cushion texture, tag attached",A brown and black item with a cushion texture and an attached tag.,2025,,O,
65,Beauty,Skincare Tool,Vibrating Cleanser,vibrating_cleanser,obj_065,electric_facial_cleanser,"white, pink",,"handle type, round brush, spoon shape",A white and pink handle-type item with a round brush and a spoon-shaped tip.,2025,,O,
66,Sports & Hobby,String Instrument,Guitar String,elixir_nanoweb_electric_guitar_strings_box,obj_066,electric_guitar_string_box,"orange, navy",box packaging,"Elixir logo, 3PACK text",An orange and navy box featuring the Elixir logo and “3PACK” text.,2025,,O,
67,Office Supplies,Adhesive Tool,Glue Stick,glue_stick,obj_067,glue_stick,"yellow, green",stick type,"Korean logo, yellow cap, “딱풀” text","A yellow and green stick-type item with a yellow cap, Korean logo, and “딱풀” text.",2025,,O,
68,Industrial Supplies,Adhesive Tool,Glue Gun,glue_gun,obj_068,gluegun,"blue, white",,"white trigger, blue body, gun shape","A blue and white item with a white trigger, blue body, and shaped like a gun.",2025,,O,
69,Sports & Hobby,Golf Item,Golf Tee,golf_tee,obj_069,golf_tee,"white, black",,"elongated, small and thin, plastic material","A white and black item made of plastic, elongated, small, and thin.",2025,,O,
70,Electronics,Audio Device,Guitar Effect Pedal,ckk_overdriver,obj_070,guitar_effects_pedal,"yellow, black, silver",,"has buttons and knobs, horse carriage illustration","A yellow, black, and silver item with buttons, knobs, and a horse carriage illustration.",2025,,O,
71,Sports & Hobby,Instrument Care,Guitar Oil,dunlop_guitar_oil,obj_071,guitar_fingerboard_conditioner,"black, brown, white",plastic bottle,"“Dunlop 02” text, black cap","A plastic bottle in black, brown, and white with “Dunlop 02” text and a black cap.",2025,,O,
72,Fashion Accessories,Fastening Tool,Hair Pin,hair_pin,obj_072,hair_clip,"teal, silver",,alligator clip shape,A teal and silver item shaped like an alligator clip.,2025,,O,
73,Beauty,Hair Styling Tool,Electric Hair Clipper,electric_hair_clipper,obj_073,hair_clipper,"white, silver",,"curved shape, metal and plastic material",A white and silver item made of metal and plastic with a curved shape.,2025,,O,
74,Beauty,Hair Styling Tool,Hair Straightener,oha_hair_straightener,obj_074,hair_straightener,black,,panel-style straight hair iron,A black panel-style item designed like a straight hair iron.,2025,,O,
75,Industrial Supplies,Car Care,Tire Inflator,tire_inflator,obj_075,electric_tire_inflator,"black, orange, gray",,"with handle, multiple buttons","A black, orange, and gray item with multiple buttons and a handle.",2025,,O,
76,Sports & Hobby,Measurement Tool,Grip Strength Meter,grip_strength_meter,obj_076,electronic_hand_dynamometer,"light_blue, white",,"electronic display, handle structure",A light blue and white item with an electronic display and a handle structure.,2025,,O,
77,Industrial Supplies,Repair Tool,Putty,tamiya_epoxy_putty_box,obj_077,epoxy_putty_box,light_green,box packaging,"TAMIYA logo, lots of text on light green background",A light green box displaying the TAMIYA logo and lots of text on a light green background.,2025,,O,
78,Office Supplies,Writing Tool,Eraser,eraser,obj_078,eraser,"white, light_green",paper sleeve,animal illustration,A white and light green paper sleeve with an animal illustration.,2025,,O,
79,Electronics,Communication Device,Switching Hub,iptime_switching_hub,obj_079,ethernet_switch,"white, orange",,"8 orange LAN ports, rectangular shape",A white and orange item with eight orange LAN ports and a rectangular shape.,2025,,O,
80,Fashion Accessories,Accessory,Headband,headband,obj_080,hairband,black,,"curved shape, plastic material",A black plastic item with a curved shape.,2025,,O,
81,General Goods,Air Pump Tool,Hand Pump,hand_pump,obj_081,hand_air_pump,white,,"cylindrical shape, piston handle",A white cylindrical item with a piston-style handle.,2025,,O,
82,Sports & Hobby,Fitness Equipment,Hand Grip Trainer,gd_grip_hand_grip_trainer,obj_082,hand_grip,"silver, red, black",,"metal material, red spring","A metal item in silver, red, and black with a visible red spring.",2025,,O,
83,Beauty,Eyebrow Care Tool,Eyebrow Trimmer,eyebrow_trimmer_box,obj_083,eye_clipper_box,white,,"oval ceramic, dual handles",A white oval ceramic piece with dual handles.,2025,,O,
84,General Goods,Laundry Product,Fabric Softener,downy_fabric_softener,obj_084,fabric_softener,yellow,plastic bottle,"Downy logo, flower illustration",A yellow plastic bottle featuring the Downy logo and a flower illustration.,2025,,O,
85,General Goods,Clothing Care,Fabric Deodorizer,febreze_unscented_fabric_deodorizer,obj_085,fabric_spray,"gray, white",spray container,"""페브리즈"" text, spray type",A gray and white spray container printed with “페브리즈” text and a spray-type nozzle.,2025,,O,
86,General Goods,Clothing Care,Hanger,hanger,obj_086,hanger,black,,"curved shape, chrome ring included",A black item with a curved shape and a chrome ring detail.,2025,,O,
87,Office Supplies,Writing Tool,Highlighter,highlighter,obj_087,highlighter_pen,"neon, black",,"detachable lid, neon-colored cap",A neon and black item with a detachable lid and a neon-colored cap.,2025,,O,
88,Health & Medical,Sanitizing Product,Hydrogen Peroxide,hydrogen_peroxide_bottle,obj_088,hydrogen_peroxide,"red, white",plastic bottle,"white cap, red body, with label","A red and white plastic bottle with a white cap, red body, and a visible label.",2025,,O,
89,Food & Beverage,Coffee,Instant Coffee,instant_coffee_can,obj_089,instant_coffee_can,brown,metal can,"aluminum material, white label",A brown metal can with an aluminum finish and a white label.,2025,,O,
90,General Goods,Tableware,Tumbler,stanley_tumbler,obj_090,insulated_tumbler,white,,"silver border, insulated lid structure",A white item with a silver border and an insulated lid structure.,2025,,O,
91,Kitchenware,Cooking Tool,Kitchen Knife,kitchen_knife,obj_091,kitchen_knife,"black, silver",,"silver blade, rubber handle",A black and silver item featuring a silver blade and a rubber handle.,2025,,O,
92,Electronics,Lighting Device,Lamp,geni_led_lamp_box,obj_092,led_lamp_box,"white, navy",box packaging,"light bulb image, ""geni"" text",A white and navy box with a light bulb image and “geni” text.,2025,,O,
93,Food & Beverage,Juice,Lemon Juice,organic_lemon_juice,obj_093,lemon_juice_packet,"yellow, white, black",plastic pouch,"lemon illustration, small-sized tube","A yellow, white, and black plastic pouch with a lemon illustration and a small-sized tube.",2025,,O,
94,Food & Beverage,Juice,Lemon Juice,organic_lemon_juice_box,obj_094,lemon_juice_packet_box,"yellow, white, black",box packaging,"""100% 착즙 유기농 레몬"" text, lemon image","A yellow, white, and black box showing “100% 착즙 유기농 레몬” text and a lemon image.",2025,,O,
95,Electronics,Clothing Care,Lint Remover,lint_remover,obj_095,lint_remover,"silver, gray",,"steel mesh head, with handle, round head",A silver and gray item with a round steel mesh head and a handle.,2025,,O,
96,General Goods,Clothing Care,Lint Roller,lint_roller,obj_096,lint_roller,white,,"with handle, refillable type, T-shape","A white item with a handle, refillable design, and a T-shaped structure.",2025,,O,
97,Beauty,Makeup,Lipstick,lipstick,obj_097,lip_stick,"black, red",,"small cuboid shape, lip product","A black and red item in a small cuboid shape, designed as a lip product.",2025,,O,
98,Beauty,Makeup,Makeup Fixer,makeup_fixer_box,obj_098,makeup_fix_gel_box,pink,box packaging,"""FIXX"" text, elongated_shape",A pink box with “FIXX” text and an elongated shape.,2025,,O,
99,General Goods,Insect Repellent,Mosquito Spray,f_killer_mosquito_spray,obj_099,mosquito_spray,"blue, white",spray can,"mosquito illustration, spray-type cap, ""에프킬라"" text","A blue and white spray can with a mosquito illustration, spray-type cap, and “에프킬라” text.",2025,,O,
100,Electronics,Input Device,Mouse,logitech_vertical_mouse_box,obj_100,mouse_box,"black, teal",box packaging,"""Logitech"" text, mouse illustration",A black and teal box featuring “Logitech” text and a mouse illustration.,2025,,O,
101,General Goods,Oral Care,Mouthwash,gumguard_mouthwash_bottle,obj_101,mouthwash,"white, black",plastic bottle,"""GUM GUARD"" text, capped type",A white and black plastic bottle with “GUM GUARD” text and a capped design.,2025,,O,
102,Kitchenware,Tableware,Cup,bmo_mug_cup_box,obj_102,mugcup_box,teal,box packaging,"character illustration, square box",A teal square box featuring a character illustration.,2025,,O,
103,Food & Beverage,Tea,Mulberry Leaf Tea,mulberry_leaf_tea_box,obj_103,mulberry_leaf_tea,magenta,box packaging,"""뽕잎차"" text, mulberry leaf illustration",A magenta box with “뽕잎차” text and a mulberry leaf illustration.,2025,,O, 
104,Health & Medical,Health Supplement,Multivitamin,multivitamin_bottle,obj_104,multi_vitamin_bottle,brown,plastic bottle,"labeled, bottle-shaped",A brown plastic bottle with a visible label and a standard bottle shape.,2025,,O,
105,Industrial Supplies,Measurement Tool,Multimeter,multimeter_box,obj_105,multimeter_box,"black, yellow",box packaging,"multimeter image, human hand graphic",A black and yellow box showing a multimeter image and a human hand graphic.,2025,,O, 
106,Health & Medical,Nasal Care,Allergy Spray,rhinitis_spray,obj_106,nasal_spray,white,spray type,"nasal spray form, elongated shape",A white spray-type item in nasal spray form with an elongated shape.,2025,,O,
107,Kitchenware,Hygiene Product,Nitrile Gloves,nitrile_gloves_box,obj_107,nitrile_gloves_box,"white, light green",box packaging,"""50 매 중형 화이트 니트릴 다용도 장갑"" text, glove image, food photo","A white and light green box with “50 매 중형 화이트 니트릴 다용도 장갑” text, a glove image, and a food photo.",2025,,O,
108,Food & Beverage,Bread,Manju,chestnut_manju,obj_108,manju,brown,,small round bread shape,A small brown item shaped like round bread.,2025,,O,
109,Food & Beverage,Bread,Manju,chestnut_manju_paper_pack,obj_109,manju_packet,"brown, white",paper wrapping,"printed label, white wrapper, brown ribbon, ""밤만쥬"" text","A brown and white paper-wrapped item with a printed label, white wrapper, brown ribbon, and “밤만쥬” text.",2025,,O,
110,General Goods,Massage Tool,Manual Massager,manual_massager,obj_110,manual_massager,pink,,"bumpy massage head, glossy ceramic material",A pink item made of glossy ceramic with a bumpy massage head.,2025,,O,
111,General Goods,Massage Tool,Massage Ball,massage_ball,obj_111,massage_ball,"black, gray, beige",,sphere shape,"An item in black, gray, and beige with a sphere shape.",2025,,O,
112,General Goods,Cleaning Tool,Towel,multipurpose_microfiber_towel_box,obj_112,microfiber_towel_box,"white, sky blue",box packaging,"towel image, hand graphic, ""다용도 극세사 타월"" text","A white and sky blue box with a towel image, hand graphic, and “다용도 극세사 타월” text.",2025,,O,
113,Electronics,PC,Mini PC,intel_nuc_pc,obj_113,mini_pc,black,,"rectangular, matte, with label",A black rectangular item with a matte surface and a visible label.,2025,,O,
114,Food & Beverage,Coffee,Coffee Mix,ediya_coffee_mix_stick,obj_114,mix_coffee_stick,"yellow, blue",plastic pouch,"stick type, elongated, glossy finish",A yellow and blue plastic pouch in stick form with an elongated shape and glossy finish.,2025,,O,
115,Food & Beverage,Coffee,Coffee Mix,ediya_coffee_mix_stick_box,obj_115,mix_coffee_stick_box,"yellow, blue",box packaging,"blue coffee cup image, ""EDIYA"" text",A yellow and blue box showing a blue coffee cup image and “EDIYA” text.,2025,,O,
116,Beauty,Skincare,Moisturizing Cream,nivea_moisturizing_cream_can,obj_116,moisturizing_cream_can,"navy, white",round can,"""NIVEA"" logo, aluminum material",A navy and white round can with the “NIVEA” logo and aluminum material.,2025,,O,
117,General Goods,Cleaning Agent,Mold Remover,mold_removal_gel,obj_117,mold_cleaner,"red, white",plastic bottle,"nozzle shape, ""곰팡이 제거젤"" text",A red and white plastic bottle with a nozzle shape and “곰팡이 제거젤” text.,2025,,O,
118,Health & Medical,Oral Medicine,Pain Reliever,tylenol_bottle,obj_118,pain_reliever_bottle,"white, red",plastic bottle,"cylindrical shape, ""타이레놀"" text",A white and red plastic bottle with a cylindrical shape and “타이레놀” text.,2025,,O,
119,Kitchenware,Cooking Tool,Frying Pan,frying_pan,obj_119,pan,"black, silver",,"round bottom pattern, with handle, metal material",A black and silver metal item with a round bottom pattern and a handle.,2025,,O,
120,Kitchenware,Disposable Tableware,Cup,disposable_paper_cup,obj_120,paper_cup,white,,"cylindrical shape, elongated",A white cylindrical item with an elongated form.,2025,,O,
121,Kitchenware,Hygiene Product,Kitchen Towel,kitchen_towel_roll,obj_121,paper_towel,light_yellow,,"roll shape, textured pattern, elongated",A light yellow item in a roll shape with a textured pattern and an elongated form.,2025,,O,
122,Kitchenware,Mounting Tool,Kitchen Towel Holder,kitchen_towel_holder,obj_122,paper_towel_stand,brown,,"round base, stick-type center axis, wood material","A brown item with a round base, stick-type center axis, and wooden material.",2025,,O,
123,Kitchenware,Cooking Tool,Peeler,potato_peeler,obj_123,peeler,"teal, silver",,"plastic handle, rotary blade",A teal and silver item with a plastic handle and a rotary blade.,2025,,O,
124,Kitchenware,Cooking Tool,Mortar,mortar_bowl,obj_124,mortar,"red, white",,"plastic material, round shape, white interior",A red and white plastic item with a round shape and white interior.,2025,,O,
125,Electronics,Insect Repellent,Mosquito Repellent,home_mat_device,obj_125,mosquito_repellent_device,white,,"round, glossy finish",A white round item with a glossy finish.,2025,,O,
126,Electronics,Insect Repellent,Mosquito Repellent,happy_home_liquid_vaporizer,obj_126,mosquito_repellent_diffuser,"beige, white",,"plug type, dual color scheme",A beige and white plug-type item with a dual color scheme.,2025,,O,
127,Electronics,Insect Repellent,Mosquito Repellent,happy_home_liquid_vaporizer_box,obj_127,mosquito_repellent_diffuser_box,"light_green, white",box packaging,"house image, ""해피홈"" text, with hole, rectangular","A light green and white rectangular box with a house image, “해피홈” text, and a punched hole.",2025,,O,
128,General Goods,Insect Repellent,Mosquito Repellent,home_mat_box,obj_128,mosquito_repellent_mat_box,"navy, white",box packaging,"""홈 매트"" text, rectangular",A navy and white rectangular box with “홈 매트” text.,2025,,O,
129,Fashion Accessories,Footwear,Loafer,penny_loafer,obj_129,penny_loafers,black,,"glossy leather material, shoes shape",A black item shaped like shoes with a glossy leather finish.,2025,,O,
130,Beauty,Hair Styling Tool,Perm Roll,perm_roll,obj_130,perm_rods,pink,,"cylindrical shape, elongated, plastic material",A pink elongated cylindrical item made of plastic.,2025,,O,
131,Kitchenware,Cooking Tool,Pestle,mortar_pestle,obj_131,pestle,light_yellow,,"cylindrical shape, with handle, wood material",A light yellow wooden item with a cylindrical shape and a handle.,2025,,O,
132,General Goods,Pet Item,Brush,grooming_brush,obj_132,pet_grooming_brush,"black, navy",,"razor shape, rubber grip handle",A black and navy item shaped like a razor with a rubber grip handle.,2025,,O,
133,General Goods,Cleanser,Soap,rosavenus_soap_plastic_wrap,obj_133,plastic_wrapped_bar_soap,"white, blue",plastic pouch,"""ROSA VENUS"" text, soap image",A white and blue plastic pouch with “ROSA VENUS” text and a soap image.,2025,,O,
134,Industrial Supplies,Car Care,Polish Restorer,bullsone_polish_restorer,obj_134,polish_restorer,"teal, black, white",tube type,"""BULLSONE 광택 복원제"" text","A teal, black, and white tube printed with “BULLSONE 광택 복원제” text.",2025,,O,
135,Industrial Supplies,Car Care,Polish Restorer,bullsone_polish_restorer_box,obj_135,polish_restorer_box,"teal, black, white",box packaging,"""BULLSONE 광택 복원제"" text, with hole","A teal, black, and white box with “BULLSONE 광택 복원제” text and a punched hole.",2025,,O,
136,Food & Beverage,Snack,Popcorn,no_brand_popcorn_box,obj_136,popcorn_box,"blue, yellow",box packaging,"large ""POP CORN"" text, popcorn image",A blue and yellow box featuring large “POP CORN” text and a popcorn image.,2025,,O,
137,Electronics,Battery,Power Bank,power_bank,obj_137,portable_charger,"white, black",,"rectangular, simple dual-color design",A white and black item with a rectangular shape and a simple dual-color design.,2025,,O,
138,Health & Medical,Health Supplement,Red Ginseng Stick,red_ginseng_stick_box,obj_138,red_ginseng_extract_box,"red, gold",box packaging,"red ginseng image, ""고려홍삼액"" text, with logo","A red and gold box with a red ginseng image, “고려홍삼액” text, and a visible logo.",2025,,O,
139,Electronics,Skincare Tool,Facial Massager,facial_massager,obj_139,rf_facial_device,"white, silver",,"with power button, plastic & metal material",A white and silver item made of plastic and metal with a power button.,2025,,O,
140,Industrial Supplies,Camera Device,Machine Vision Camera,percipio_rgb_d_camera,obj_140,rgbd_camera,black,,"rectangular, many holes, metal material",A black rectangular item made of metal with many holes.,2025,,O,
141,General Goods,Tableware,Rice Bowl,rice_bowl,obj_141,rice_bowl,light_brown,,"round ceramic, simple finish",A light brown ceramic item with a round shape and a simple finish.,2025,,O,
142,Food & Beverage,Side Dish,Laver,gwacheon_seaweed_plastic_wrap,obj_142,roasted_seaweed_packet,"black, green, white",plastic pouch,"""과천 파래김"" text, seaweed image","A black, green, and white plastic pouch with “과천 파래김” text and a seaweed image.",2025,,O,
143,Office Supplies,Stamping Tool,Stamp,rubber_stamp,obj_143,rubber_stamp,"red, white",,"rectangular, ""이면지활용"" text, dual color",A red and white rectangular item with “이면지활용” text and a dual-color design.,2025,,O,
144,General Goods,Cleaning Agent,Ethanol Spray,ethanol_spray,obj_144,rubbing_alcohol_spray,"teal, white",spray type,"83% cleaning ethanol, spray nozzle",A teal and white spray-type item with 83% cleaning ethanol and a spray nozzle.,2025,,O,
145,Fashion Accessories,Footwear,Running Shoes,running_shoes,obj_145,running_shoes,beige,,"thick sole, includes laces",A beige item with thick soles and laces included.,2025,,O,
146,Beauty,Hair Care,Scalp Serum,har_scalp_serum,obj_146,scalp_cooling_serum,white,,"nozzle tip, cylindrical shape, pointed end",A white cylindrical item with a nozzle tip and a pointed end.,2025,,O,
147,Food & Beverage,Cooking Oil,Sesame Oil,beksul_sesame_oil_can,obj_147,sesame_oil_can,"red, white, brown",can,"""진한참기름"" text, plant image, ""백설"" logo, aluminum can material","A red, white, and brown aluminum can with “진한참기름” text, a plant image, and the “백설” logo.",2025,,O,
148,Electronics,Communication Device,Streaming Device,google_chromecast_box,obj_148,streaming_device_box,white,box packaging,"""Chromecast"" text, Google G logo",A white box featuring “Chromecast” text and the Google G logo.,2025,,O,
149,Beauty,Sun Protection,Sunscreen,etude_sunscreen,obj_149,sunscreen,white,tube type,"white cap, glossy finish",A white tube with a white cap and a glossy finish.,2025,,O,
150,Beauty,Sun Protection,Sunscreen,etude_sunscreen_box,obj_150,sunscreen_box,"white, sky_blue",box packaging,"""디렉터 파이"" text, sunscreen image",A white and sky blue box with “디렉터 파이” text and a sunscreen image.,2025,,O,
151,Health & Medical,Health Supplement,Supplement,dambaekharu_omega_essence_box,obj_151,supplement_box,brown,box packaging,"""담백하루"" text, water droplet image",A brown box with “담백하루” text and a water droplet image.,2025,,O,
152,Food & Beverage,Side Dish,Sweet Corn,dongwon_sweet_corn_can,obj_152,sweetcorn_can,"yellow, green",can,"corn image, ""스위트콘"" text, aluminum can material",A yellow and green aluminum can with a corn image and “스위트콘” text.,2025,,O,
153,Sports & Hobby,Ball Game Item,Tennis Ball,tennis_ball,obj_153,tennis_ball,"gray, white",,"dark tone, white line, sphere shape","A gray and white item with a dark tone, a white line, and a spherical shape.",2025,,O,
154,Electronics,Camera Device,Camera,thermal_imaging_camera_box,obj_154,thermal_imager_box,"white,  gray",box packaging,"camera image, barcode image",A white and gray box featuring a camera image and a barcode.,2025,,O,
155,Beauty,Makeup,Tint,tint,obj_155,tint,"red, white",plastic bottle,"cylindrical shape, white cap",A red and white plastic bottle with a cylindrical shape and white cap.,2025,,O,
156,General Goods,Hygiene Product,Tissue,square_tissue,obj_156,tissue_box,"sky_blue, blue",box packaging,"character image, ""Tamsaa"" text",A sky blue and blue box with a character image and “Tamsaa” text.,2025,,O,
157,Electronics,Automotive Item,Smart Key,hyundai_smart_key,obj_157,smart_key,"black, silver",,has 4 buttons,A black and silver item with four visible buttons.,2025,,O,
158,Electronics,Tracking Device,Smart Tag,galaxy_smart_tag,obj_158,smart_tag_box,"white, black, gray",box packaging,"""Galaxy SmartTag"" text, smart tag photo","A white, black, and gray box featuring “Galaxy SmartTag” text and a smart tag photo.",2025,,O,
159,Food & Beverage,Sauce,Tomato Puree,pomi_tomato_puree_pack,obj_159,tomato_pure_pack,"red, white",,"""POMI TOMATO"" text, tomato illustration",A red and white item with “POMI TOMATO” text and a tomato illustration,2025,,O,
160,General Goods,Oral Care,Toothpaste,sensodyne_toothpaste_box,obj_160,tooth_paste_box,"white, blue",box packaging,"""Sensodyne"" text, blue wave graphic",A white and blue box with “Sensodyne” text and a blue wave graphic.,2025,,O,
161,General Goods,Interior Item,Figure,car_figure,obj_161,toy_car,"navy_blue, black",,car shape,A navy blue and black item shaped like a car.,2025,,O,
162,General Goods,Interior Item,Figure,car_figure_box,obj_162,toy_car_box,"blue, black",box packaging,blue mini car photo,A blue and black box featuring a photo of a blue mini car.,2025,,O,
163,Kitchenware,Mounting Tool,Pot Stand,foldable_pot_stand,obj_163,trivet,beige,,"4 legs, foldable structure, pinwheel shape","A beige item with four legs, a foldable structure, and a pinwheel shape.",2025,,O,
164,Industrial Supplies,Heat Tool,Turbo Lighter,turbo_lighter,obj_164,turbo_lighter,black,,"Taegeukgi (Korean flag) image, thin profile",A black item with a Taegeukgi (Korean flag) image and a thin profile.,2025,,O,
165,Electronics,Cable,USB Cable,usb_cable_box,obj_165,usb_c_cable_box,"orange, black",box packaging,"""TYPE-C QUICK CABLE"" text, cable image",An orange and black box with “TYPE-C QUICK CABLE” text and a cable image.,2025,,O,
166,General Goods,Mounting Tool,Smartphone Tripod,smartphone_tripod,obj_166,smartphone_tripod,white,,"3 legs, foldable structure",A white item with three legs and a foldable structure.,2025,,O,
167,General Goods,Mounting Tool,Smartphone Tripod,smartphone_tripod_box,obj_167,smartphone_tripod_box,white,box packaging,"tripod image, elongated shape",A white box featuring a tripod image and an elongated shape.,2025,,O,
168,Electronics,Wearable Device,Smartwatch,galaxy_smart_watch,obj_168,smartwatch,"black, silver",,"watch shape, metal and rubber material","A black and silver item shaped like a watch, made of metal and rubber.",2025,,O,
169,Fashion Accessories,Footwear,Sneakers,vans_sneakers,obj_169,sneakers,"white, navy_blue",,"wave symbol on side, ""VANS"" logo",A white and navy blue item with a wave symbol on the side and the “VANS” logo.,2025,,O,
170,Food & Beverage,Soft Drink,Cider,chilsung_cider_can,obj_170,soda_can,"silver, green",aluminum can,"""Chilsung"" text, aluminum material",A silver and green aluminum can with “Chilsung” text and a metallic finish.,2025,,O,
171,Food & Beverage,Sauce,Spicy Cheese Sauce,dipping_spicy_chicken_cheese_sauce_bottle,obj_171,spicy_cheese_sauce,red,plastic bottle,"brown cap, speech bubble graphic, “찍먹 맵닭 치즈” text","A red plastic bottle with a brown cap, a speech bubble graphic, and “찍먹 맵닭 치즈” text.",2025,,O,
172,Kitchenware,Cleaning Tool,Scrubber,dual_sided_kitchen_scrubber,obj_172,sponge,"yellow, green",,sponge and scrubber dual structure,A yellow and green item with a dual structure of sponge and scrubber.,2025,,O,
173,General Goods,Sewing Tool,Thread Roll,thread_roll,obj_173,spool_of_thread,"black, magenta",,"cylindrical, wrapped with black thread",A black and magenta cylindrical item wrapped with black thread.,2025,,O,
174,Office Supplies,Binding Supply,Stapler Refill,peace_stapler_pins_box,obj_174,staples_box,"yellow, black",box packaging,"""Peace No.33"" text",A yellow and black box with “Peace No.33” text.,2025,,O,
175,Office Supplies,Writing Tool,Memo Pad,post_it_notes,obj_175,sticky_notes,light_yellow,,paper material,A light yellow item made of paper material.,2025,,O,
176,Electronics,Control Device,Stream Controller,elgato_stream_deck_mini_box,obj_176,streaming_controller_box,"navy_blue, blue",box packaging,"""STREAM DECK MINI"" text, stream controller image, many English characters","A navy blue and blue box with “STREAM DECK MINI” text, a stream controller image, and many English characters.",2025,,O,
177,Electronics,Smoking Item,E-cigarette,e_cigarette,obj_177,vape,white,,slim cylindrical shape,A white item with a slim cylindrical shape.,2025,,O,
178,Food & Beverage,Snack,Wafer Stick,oreo_wafer_stick_box,obj_178,wafer_stick_box,"blue, brown",box packaging,"""오레오 웨하스스틱 초코"" text, chocolate snack illustration",A blue and brown box with “오레오 웨하스스틱 초코” text and a chocolate snack illustration.,2025,,O,
179,Food & Beverage,Snack,Wafer Stick,oreo_wafer_stick,obj_179,wafer_stick_packet,"blue, brown",plastic pouch,"""오레오 웨하스스틱 초코"" text, chocolate snack image",A blue and brown plastic pouch with “오레오 웨하스스틱 초코” text and a chocolate snack image.,2025,,O,
180,General Goods,Laundry Product,Drum Cleaner,washing_machine_drum_cleaner_box,obj_180,washing_machine_cleaner_box,"brown, beige",box packaging,"washing machine illustration, paper box material",A brown and beige box featuring a washing machine illustration and made of paper box material.,2025,,O,
181,Sports & Hobby,Spraying Tool,Watering Can,watering_can,obj_181,watering_can,beige,,"plastic material, with handle, elongated spout",A beige plastic item with a handle and an elongated spout.,2025,,O,
182,Electronics,Camera Device,Webcam,logitech_webcam,obj_182,webcam,black,,plastic and glass material,A black item made of plastic and glass materials.,2025,,O,
183,Office Supplies,Writing Tool,Whiteboard Eraser,whiteboard_eraser,obj_183,whiteboard_eraser,"gray, red, white",,"""5겹 지우개"" text, rectangular shape","A gray, red, and white item with “5겹 지우개” text and a rectangular shape.",2025,,O,
184,General Goods,Insect Repellent,Mite Repellent,mykeeper,obj_184,mite_repellent,"white, light_green",pump_type,"green pump cap, ""마이키파"" text, 뽀로로 character","A white and light green pump-type container with a green pump cap, “마이키파” text, and a 뽀로로 character.",2025,,O,
185,Sports & Hobby,Gardening Tool,Hand Shovel,metal_hand_shovel,obj_185,steel_garden_trowel,"white, black",,"with black handle, white metal material",A white and black item with a black handle and white metal body.,2025,,O,
186,Beauty,Makeup,Cotton Pad,silky_cotton_pad_box,obj_186,silky_cotton_pad_box,"light_green, white",box packaging,"""실키 화장솜"" text, cotton pad illustration",A light green and white box featuring “실키 화장솜” text and a cotton pad illustration.,2025,,O,
187,General Goods,Mounting Tool,Soap Dish,silicone_soap_dish,obj_187,silicone_round_soap_dish,blue,,"""fondest"" engraving, silicone material",A blue silicone item with a “fondest” engraving.,2025,,O,
188,General Goods,Laundry Product,Fabric Softener,saffron_fabric_softener,obj_188,saffron_fabric_softener,red,plastic bottle,"""샤프란"" text, with handle, black cap","A red plastic bottle with “샤프란” text, a black cap, and a built-in handle.",2025,,O,
189,Sports & Hobby,Gardening Tool,Hand Shovel,plastic_hand_shovel,obj_189,plastic_garden_trowel,beige,,"with handle, trowel shape",A beige item with a handle and a trowel shape.,2025,,O,
190,General Goods,Mounting Tool,Paper Cup Holder,paper_cup_holder,obj_190,paper_cup_handle,beige,,"with handle, cup shape",A beige item with a handle and a cup shape.,2025,,O,
191,Food & Beverage,Snack,Chewing Gum,mychew_xylitol_bottle,obj_191,mychew_xylitol_bottle,purple,plastic container,"""마이쮸 자일리톨"" text, purple cap",A purple plastic container with “마이쮸 자일리톨” text and a purple cap.,2025,,O,
192,General Goods,Fastening Tool,Blanket Clip,blanket_clip,obj_192,large_laundry_clip,white,,"large_clamp_shape, plastic material",A white plastic item shaped like a large clamp.,2025,,O,
193,General Goods,Cooling Item,Ice Pack,ice_pack,obj_193,ice_pack,blue,,"""ICE PACK"" engraving, snowflake pattern, square shape",A blue square item with “ICE PACK” engraving and a snowflake pattern.,2025,,O,
194,Health & Medical,Sanitizing Product,Alcohol Swab,alcohol_swab_box,obj_194,alcohol_swab_box,"white, blue",box packaging,"""에탄올 83% 알콜스왑"" text, white square cotton illustration",A white and blue box with “에탄올 83% 알콜스왑” text and a white square cotton illustration.,2025,,O,
195,General Goods,Cleanser,Soap,apricot_soap_box,obj_195,apricot_soap,"yellow, orange",box packaging,"""향긋한 살구비누"" text, apricot image, apricot pattern background","A yellow and orange box with “향긋한 살구비누” text, an apricot image, and an apricot-patterned background.",2025,,O,
196,Sports & Hobby,Ball Game Item,Baseball,baseball,obj_196,baseball,"white, red",,"red_stitch, spherical shape",A white and red spherical item with red stitching.,2025,,O,
197,Food & Beverage,Snack,Biscuit,lotus_biscoff_plastic_wrap,obj_197,biscoff_cookie_wrapped,"red, white, orange",plastic wrap,"""biscoff"" text, cookie image, rectangular shape","A red, white, and orange plastic-wrapped item with “biscoff” text and a cookie image in a rectangular form.",2025,,O,
198,General Goods,Cleaning Agent,Drain Cleaner,homestar_drain_cleaner_box,obj_198,drain_cleaner_box,"white, red, blue",box packaging,"""홈스타 보글보글 발포 배수구 세정제"" text","A white, red, and blue box featuring “홈스타 보글보글 발포 배수구 세정제” text.",2025,,O,
199,General Goods,Ice Tool,Ice Ball Tray,ice_ball_tray_4_slot,obj_199,ice_ball_tray,white,,4 spheres inside rectangular shape,A white item with four spheres enclosed in a rectangular shape.,2025,,O,
200,Fashion Accessories,Storage Item,Coin Purse,coin_purse,obj_200,coin_pouch,khaki,,"character wallet shape, plush texture, with zipper, square shape","A khaki item shaped like a character wallet with a plush texture, square shape, and a zipper.",2025,,O,
201,Electronics,Control Device,Remote Control,lg_whisen_air_conditioner_remote,obj_201,aircon_remote,white,,"has display, many buttons","A white aircon remote with has display, many buttons.",2024,,O,
202,Electronics,Input Device,Barcode Scanner,barcode_scanner,obj_202,barcode_scanner,black,,has handle,A black barcode scanner with has handle.,2024,,O,
203,Fashion Accessories,Accessory,Belt,leather_belt,obj_203,belt,dark brown,,rolled in circular shape,A dark brown belt with rolled in circular shape.,2024,,O,
204,General Goods,Insulated Container,Thermos Bottle,thermos_bottle,obj_204,bottle,ivory,,elongated cylinder,A ivory bottle with elongated cylinder.,2024,,O,
205,General Goods,Cleaning Tool,Cleaning Brush,daiso_double_sided_cleaning_brush,obj_205,brush,mint,,"brush on both sides, elongated","A mint brush with brush on both sides, elongated.",2024,,O,
206,Industrial Supplies,Fastening Tool,Clamp,c_type_clamp,obj_206,clamp,deep blue,,C-shaped metal clamp with a threaded screw handle,"Deep blue, C-shaped metal clamp with a threaded screw handle.",2024, ,O,
207,Beauty,Skincare,Cleansing Foam,la_roche_posay_cleansing_foam,obj_207,cleansing_foam,"sky blue, white",tube type,"sky blue base with white text, white cap","A sky blue, white cleansing foam with sky blue base with white text, white cap, packaged in a tube type.",2024,,O,
208,Beauty,Skincare,Cleansing Foam,senka_perfect_whip_cleansing_foam,obj_208,cleansing_foam2,ivory,tube type,"ivory base with blue text, 'perfect whip' written","A ivory cleansing foam2 with ivory base with blue text, 'perfect whip' written, packaged in a tube type.",2024,,O,
209,Fashion Accessories,Accessory,Wristwatch,leather_wristwatch,obj_209,clock,"brown, copper",,brown strap,"A brown, copper clock with brown strap.",2024,,O,
210,Food & Beverage,Soft Drink,Cola,coca_cola_can,obj_210,cola,"red, silver",can,"red base with white text, cylindrical shape","A red, silver cola with red base with white text, cylindrical shape, packaged in a can.",2024,,O,
211,Beauty,Skincare,Moisturizing Cream,round_lab_moisturizing_cream,obj_211,cream,"white, blue",tube type,white cap,"A white, blue cream with white cap, packaged in a tube type.",2024,,O,
212,Kitchenware,Tableware,Cup,blue_bottle_mug,obj_212,cup,"sky blue, oatmeal",,"sky blue bottle-shaped logo, has handle","A sky blue, oatmeal cup with sky blue bottle-shaped logo, has handle.",2024,,O,
213,General Goods,Interior Item,Plush Toy,chunsik_plush_toy,obj_213,doll,"yellow, brown",,"human figure, animal face character, brown bottom","A yellow, brown doll with human figure, animal face character, brown bottom.",2024,,O,
214,Industrial Supplies,Fastening Tool,Screwdriver,phillips_screwdriver,obj_214,driver,"red, black",,"elongated, sharp tip","A red, black driver with elongated, sharp tip.",2024,,O,
215,Sports & Hobby,Fitness Equipment,Dumbbell,hex_dumbbell_5kg,obj_215,dumbell,oatmeal,,hexagonal ends,A oatmeal dumbell with hexagonal ends.,2024,,O,
216,Kitchenware,Cooking Tool,Turner,kitchenart_turner,obj_216,fliper,light green,,"elongated handle, flat","A light green fliper with elongated handle, flat.",2024,,O,
217,General Goods,Fuel,Butane Gas,max_butane_gas,obj_217,gas,"red,yellow, blue, silver",can,"navy cap, cylindrical shape","A red,yellow, blue, silver gas with navy cap, cylindrical shape, packaged in a can.",2024,,O,
218,Fashion Accessories,Storage Item,Glasses Case,glasses_case,obj_218,glass_case,black,,elongated polyhedron,A black glass case with elongated polyhedron.,2024,,O,
219,Electronics,Beauty Appliance,Hair Dryer,patech_hair_dryer,obj_219,hair_dry,"black, copper",,L-shaped,"A black, copper hair dry with L-shaped.",2024,,O,
220,Industrial Supplies,Striking Tool,Hammer,hammer,obj_220,hammer,black,,"T-shape, long handle","A black hammer with T-shape, long handle.",2024,,O,
221,General Goods,Cleanser,Hand Soap,lion_hand_soap,obj_221,hand_soap,"yellow, white",,"white pump, yellow body","A yellow, white hand soap with white pump, yellow body.",2024,,O,
222,Electronics,Audio Device,Headphones,qcy_headphones,obj_222,headphone,white,,round shape,A white headphone with round shape.,2024,,O,
223,Electronics,Audio Device,Headphones,qcy_headphones_box,obj_223,headphone_box,"white, black",box packaging,"headphone image, QCY logo","A white, black headphone box with headphone image, QCY logo, packaged in a box packaging.",2024,,O,
224,Industrial Supplies,Heat Tool,Heat Gun,heat_gun,obj_224,heeting_gun,charcoal,,"gun shape, has handle","A charcoal heeting gun with gun shape, has handle.",2024,,O,
225,Electronics,Communication Device,Intercom Handset,intercom_handset,obj_225,interphone,white,,elongated,A white interphone with elongated.,2024,,O,
226,Electronics,Clothing Care,Iron,no_brand_dry_iron,obj_226,iron,"	white, gray",,"has handle, sharp tip","A white, gray iron with has handle, sharp tip.",2024,,O,
227,Kitchenware,Hygiene Product,Kitchen Towel,comet_pull_out_kitchen_towel,obj_227,kitchen_towel,"white, blue",plastic pouch,cube shape,"A white, blue kitchen towel with cube shape, packaged in a plastic pouch.",2024,,O,
228,Industrial Supplies,Cutting Tool,Cutter,utility_knife,obj_228,knife,"black, red, silver",,"has blade, elongated","A black, red, silver knife with has blade, elongated.",2024,,O,
229,Industrial Supplies,Adhesive Tool,Threadlocker,loctite_242_threadlocker,obj_229,lock_tite,"red, white",,"white cap, red body","A red, white lock tite with white cap, red body.",2024,,O,
230,Industrial Supplies,Adhesive Tool,Instant Adhesive,loctite_401_instant_adhesive,obj_230,lock_tite2,"blue, white",,"blue body, blue cap","A blue, white lock tite2 with blue body, blue cap.",2024,,O,
231,Food & Beverage,Fruit,Korean Melon,korean_melon,obj_231,melon,yellow,,yellow oval,A yellow melon with yellow oval.,2024,,O,
232,Food & Beverage,Dairy Product,Flavored Milk,seoul_strawberry_milk,obj_232,milk,"red, pink, white",pack,"strawberry image, '서울우유' text","A red, pink, white milk with strawberry image, '서울우유' text, packaged in a pack.",2024,,O,
233,Electronics,Input Device,Mouse,logitech_g304_wireless_mouse,obj_233,mouse,"blue, sky blue",,alphabet 'G' logo,"A blue, sky blue mouse with alphabet 'G' logo.",2024,,O,
234,Electronics,Power Device,Power Strip,t_shaped_3_outlet_power_strip,obj_234,multi_tap,white,,"T-shape, pig nose-shaped holes","A white multi tap with T-shape, pig nose-shaped holes.",2024,,O,
235,Office Supplies,Writing Tool,Permanent Marker,name_pen,obj_235,name_pen,"	white, black",,"elongated, black cap","A white, black name pen with elongated, black cap.",2024,,O,
236,Industrial Supplies,Cutting Tool,Nipper,plato_nipper,obj_236,nipper,"navy, black",,"sharp tip, V-shape","A navy, black nipper with sharp tip, V-shape.",2024,,O,
237,Industrial Supplies,Cutting Tool,Pliers,pliers,obj_237,pench,"red, dark brown",,red handle,"A red, dark brown pench with red handle.",2024,,O,
238,Office Supplies,Storage Item,Pencil Case,moomin_pencil_case,obj_238,pencil_case,"mint, navy",,elongated cylindrical shape,"A mint, navy pencil case with elongated cylindrical shape.",2024,,O,
239,General Goods,Mobile Accessory,Phone Holder,smartphone_holder,obj_239,phone_stand,"black, white, sky blue",,"black base, has character","A black, white, sky blue phone stand with black base, has character.",2024,,O,
240,Kitchenware,Cleaning Agent,Dish Soap,amway_dishwashing_liquid,obj_240,pongpong,"white, yellow",,"white cap, 'home' text, rectangular cuboid","A white, yellow pongpong with white cap, 'home' text, rectangular cuboid.",2024,,O,
241,Fashion Accessories,Storage Item,Pouch,cosmetic_pouch,obj_241,pouch,pink,,overall pink,A pink pouch with overall pink.,2024,,O,
242,Electronics,Audio Device,Wireless Earbuds (Closed),qcy_t13_(closed),obj_242,qcy_closed,white,,white pebble shape,A white qcy closed with white pebble shape.,2024,,O,
243,Electronics,Audio Device,Wireless Earbuds (Open),qcy_t13_(open),obj_243,qcy_opened,white,,folds in L-shape,A white qcy opened with folds in L-shape.,2024,,O,
244,Food & Beverage,Instant Food,Instant Rice,hetbahn_regular_bowl,obj_244,rice,"white, red",,"circular, '햇반' text","A white, red rice with circular, '햇반' text.",2024,,O,
245,Industrial Supplies,Cutting Tool,Saw,foldable_saw,obj_245,saw,"yellow, black, silver",,"black handle, silver saw blade","A yellow, black, silver saw with black handle, silver saw blade.",2024,,O,
246,Industrial Supplies,Cutting Tool,Scissors,multipurpose_scissors,obj_246,scissors,"teal, silver, black",,"teal handle, sharp tip","A teal, silver, black scissors with teal handle, sharp tip.",2024,,O,
247,Kitchenware,Cooking Tool,Ladle,stainless_ladle,obj_247,scoop,silver,,"silver handle, convex or concave tip","A silver scoop with silver handle, convex or concave tip.",2024,,O,
248,Office Supplies,Adhesive Tool,Tape,transparent_tape_48mm,obj_248,scotch_tape,yellow,,donut shape,A yellow scotch tape with donut shape.,2024,,O,
249,Industrial Supplies,Cleaning Tool,Scraper,stainless_scraper,obj_249,scrapper,"silver, black",,"black handle, silver fan shape","A silver, black scrapper with black handle, silver fan shape.",2024,,O,
250,Beauty,Hair Care,Shampoo,amway_anti_dandruff_shampoo,obj_250,shampoo,teal ,,"cylindrical shape, with pump","A teal shampoo with cylindrical shape, with pump.",2024, ,O,
251,Electronics,Beauty Appliance,Electric Shaver,philips_electric_shaver,obj_251,shaver,"navy, black",,has handle,"A navy, black shaver with has handle.",2024,,O,
252,Beauty,Skincare,Toner,makeprem_toner,obj_252,skincare,green,bottle,"green cap, 'inteca' text in green","A green skincare with green cap, 'inteca' text in green, packaged in a bottle.",2024,,O,
253,General Goods,Footwear,Slippers,anti_slip_slippers,obj_253,sliper,oatmeal,,protrusions on bottom,A oatmeal sliper with protrusions on bottom.,2024,,O,
254,Kitchenware,Cooking Tool,Rice Paddle,ottugi_rice_paddle,obj_254,spatula,"sky blue, black",,"has handle, spoon shape","A sky blue, black spatula with has handle, spoon shape.",2024,,O,
255,Kitchenware,Disposable Tableware,Spoon,disposable_plastic_spoon,obj_255,spoon,white,,"one side round, elongated handle","A white spoon with one side round, elongated handle.",2024,,O,
256,Beauty,Hair Styling Tool,Hair Spray,milbon_nigelle_hair_spray,obj_256,spray,"white, purple, navy",,"elongated cylindrical shape, white to purple gradient","A white, purple, navy spray with elongated cylindrical shape, white to purple gradient.",2024,,O,
257,General Goods,Spraying Tool,Sprayer,polygon_sprayer,obj_257,sprayer,"pink, black",,pink polygonal container,"A pink, black sprayer with pink polygonal container.",2024,,O,
258,General Goods,Cleaning Tool,Squeegee,modern_house_squeegee,obj_258,squeeze,white,,T-shape,A white squeeze with T-shape.,2024,,O,
259,Office Supplies,Stamping Tool,Stamp,gogostamp_self_inking_stamp,obj_259,stamp,black,,cylindrical shape,A black stamp with cylindrical shape.,2024,,O,
260,Food & Beverage,Sweetener,Stevia,q_one_stevia_pack,obj_260,stevia,"green, white",zipper bag,"스테비아' text, half white and green color","A green, white stevia with '스테비아' text, half white and green color, packaged in a zipper bag.",2024,,O,
261,Industrial Supplies,Adhesive Tool,Tape,sealing_tape,obj_261,tape,navy,,donut shape,A navy tape with donut shape.,2024,,O,
262,Industrial Supplies,Measuring Tool,Tape Measure,komelon_metal_tape_measure,obj_262,tape_measure,"black, yellow",,7.5' text,"A black, yellow tape measure with 7.5' text.",2024,,O,
263,General Goods,Hygiene Product,Tissue,roll_tissue,obj_263,tissue,white,,donut and cylindrical shape,A white tissue with donut and cylindrical shape.,2024,,O,
264,General Goods,Oral Care,Tongue Cleaner,tongue_cleaner,obj_264,tongue_cleaner,white,,"elongated handle, blunt tip, with bumps","A white tongue cleaner with elongated handle, blunt tip, with bumps.",2024,,O,
265,General Goods,Oral Care,Toothbrush,sensodyne_toothbrush,obj_265,tooth_brush,"white, mint",,"elongated, brush at tip","A white, mint tooth brush with elongated, brush at tip.",2024,,O,
266,General Goods,Oral Care,Toothpaste,sensodyne_toothpaste,obj_266,tooth_paste,"white, navy",tube type,"white cap, 'sensodyne' text","A white, navy tooth paste with white cap, 'sensodyne' text, packaged in a tube type.",2024,,O,
267,Electronics,Control Device,Remote Control,theham_tv_remote,obj_267,tv_remote,"black,white",,"black body, many buttons, white text","A black,white tv remote with black body, many buttons, white text.",2024,,O,
268,Sports & Hobby,String Instrument,Ukulele,ukulele,obj_268,ukulele,dark brown,,wood texture,A dark brown ukulele with wood texture.,2024,,O,
269,General Goods,Rain Protection,Umbrella,foldable_umbrella,obj_269,umbrella,black,,"black cover, black handle","A black umbrella with black cover, black handle.",2024,,O,
270,Health & Medical,Health Supplement,Gut Health Supplement,hy_probiotics,obj_270,vitamin,"sky blue, white",plastic bottle,"half white and sky blue, cylindrical","A sky blue, white vitamin with half white and sky blue, cylindrical, packaged in a plastic bottle.",2024,,O,
271,Fashion Accessories,Storage Item,Wallet,wallet,obj_271,wallet,navy,,"square, leather material","A navy wallet with square, leather material.",2024,,O,
272,General Goods,Transport Tool,Scoop Bucket,scoop_bucket,obj_272,water_scooper,sky blue,,"elongated handle, convex or concave tip","A sky blue water scooper with elongated handle, convex or concave tip.",2024,,O,
273,Industrial Supplies,Fastening Tool,Wrench,hex_ball_wrench_set,obj_273,wrench,rainbow,,"rods of various lengths, thicknesses, and colors","A rainbow wrench with rods of various lengths, thicknesses, and colors.",2024,,O,
